slug,location_name,region,hero_h1,hero_sub,hero_badge,intro_eyebrow,intro_heading,intro_body,areas_covered,why_eyebrow,why_heading,why_sub,what_included_items,how_it_works_steps,faq_q1,faq_a1,faq_q2,faq_a2,faq_q3,faq_a3,faq_q4,faq_a4,final_cta_heading,final_cta_subtext,meta_title,meta_description
kuala-lumpur,Kuala Lumpur,Klang Valley,Teleprompter Rental in Kuala Lumpur,"Rent professional teleprompters for conferences, launches and broadcasts in Kuala Lumpur — delivered, set up and operated by our crew, from KLCC to Bangsar and everywhere in between.",Serving Kuala Lumpur & Klang Valley,Who we are,Teleprompter rental built for KL events,"TelePrompter.my provides professional teleprompter rental across Kuala Lumpur for corporate conferences, product launches, gala dinners and video productions. Our crew handles delivery, installation, testing and live operation, so your speakers stay on script and on time — whether you are in a hotel ballroom, a convention centre or a studio.";"KLCC|Bukit Bintang|Bangsar|Mid Valley|Mont Kiara|Sentul|Cheras|Setapak",Why choose us,Built for flawless delivery end to end,From the equipment to the operator every rental in Kuala Lumpur is handled start to finish.,"Professional teleprompter unit;Beam-splitter glass frame & hood;Laptop with teleprompter software;Heavy-duty tripod & mounting hardware;Transport FOC within the local zone;Delivery setup & on-site testing;Experienced teleprompter operator;Dismantling after your event;Dedicated project manager","Tell us about your event — date venue and audience size;Choose the right teleprompter for your setup;We confirm availability and send your quote;Our crew delivers sets up and tests the rig;An operator runs the prompter throughout your event",Do you deliver teleprompters to Kuala Lumpur?,"Yes. We deliver install and operate teleprompters across Kuala Lumpur and the wider Klang Valley. Delivery within the KL zone is free of charge.",What areas do you cover in Kuala Lumpur?,"We cover the main event districts — KLCC Bukit Bintang Bangsar Mid Valley Mont Kiara and the surrounding KL areas. Venues outside this zone are charged by mileage.",How much lead time do you need?,"We recommend booking at least 7 days ahead to secure your preferred setup and operator. For urgent or same-week events contact us directly — we will always try to accommodate where equipment is available.",Is an operator included in the rental?,"Yes. Every rental includes an experienced teleprompter operator who runs the script during your event plus a crew member for setup and dismantling. You are never left to operate it yourself.",Planning an event in Kuala Lumpur?,Tell us your date and venue — we will confirm availability and a quote within one business day.,Teleprompter Rental in Kuala Lumpur | TelePrompter.my,"Rent professional teleprompters in Kuala Lumpur for conferences launches and broadcasts. Presidential Stage TV Monitor and iPad setups — delivered set up and operated. Transport FOC within KL."
klang-valley,Klang Valley,Klang Valley,Teleprompter Rental in the Klang Valley,"Professional teleprompter rental across the Klang Valley — Selangor Petaling Jaya Shah Alam Subang and beyond. Delivered set up and operated for conferences launches and productions.",Serving the Klang Valley,Who we are,Teleprompter rental across Selangor & the Klang Valley,"From Petaling Jaya to Shah Alam and Subang to Cyberjaya TelePrompter.my delivers and operates professional teleprompter setups throughout the Klang Valley. We serve hotel ballrooms convention centres corporate offices and studios with full installation and on-site operation included.","Petaling Jaya|Shah Alam|Subang Jaya|Cyberjaya|Putrajaya|Damansara|Ampang|Cheras",Why choose us,Built for flawless delivery end to end,Every Klang Valley rental is handled by our crew from setup to teardown.,"ENTER: include items here (semicolon-separated)","ENTER: steps here (semicolon-separated)",Do you cover the whole Klang Valley?,"ENTER: answer — coverage across PJ Shah Alam Subang etc. Delivery free within main zone.",Is delivery included in the Klang Valley?,"ENTER: answer — transport FOC within standard zone; mileage quoted outside.",ENTER faq_q3,ENTER faq_a3,ENTER faq_q4,ENTER faq_a4,Planning an event in the Klang Valley?,Tell us your date and venue — we will confirm availability and a quote within one business day.,Teleprompter Rental in the Klang Valley | TelePrompter.my,"ENTER: meta description — rent teleprompters across the Klang Valley. Transport FOC within local zone."
putrajaya,Putrajaya,Klang Valley,Teleprompter Rental in Putrajaya,"Rent professional teleprompters for government GLC and corporate events in Putrajaya. Delivered set up and operated by our crew for conferences summits and formal addresses.",Serving Putrajaya & Cyberjaya,Who we are,Teleprompter rental for Putrajaya events,"ENTER: intro body — Putrajaya formal addresses ministry events GLC functions summits. Discreet installation experienced protocol operators.","Presint 1–6|IOI City Putrajaya|Marriott Putrajaya|Cyberjaya|Pullman Putrajaya",Why choose us,ENTER why_heading,ENTER why_sub,"ENTER: include items here (semicolon-separated)","ENTER: steps here (semicolon-separated)",Do you provide teleprompters for government events in Putrajaya?,"ENTER: answer — presidential/stage setups for ministry & GLC events; protocol-experienced operators.",Do you deliver to Putrajaya venues?,"ENTER: answer — yes all major venues; transport FOC within Putrajaya & Cyberjaya.",ENTER faq_q3,ENTER faq_a3,ENTER faq_q4,ENTER faq_a4,Planning an event in Putrajaya?,Tell us your date and venue — we will confirm availability and a quote within one business day.,Teleprompter Rental in Putrajaya | TelePrompter.my,"ENTER: meta description — government & GLC teleprompter rental in Putrajaya. Transport FOC within Putrajaya."
penang,Penang,Northern,Teleprompter Rental in Penang,"Professional teleprompter rental in Penang for conferences at SPICE gala dinners at beach resorts and studio productions. Delivered set up and operated by our crew.",Serving Penang Island & Seberang Perai,Who we are,Teleprompter rental for Penang events,"ENTER: intro body — George Town to Batu Ferringhi and Seberang Perai. SPICE Arena beachfront resorts corporate productions.","George Town|Bayan Lepas|Batu Ferringhi|SPICE Arena|Seberang Perai|Queensbay",Why choose us,ENTER why_heading,ENTER why_sub,"ENTER: include items here (semicolon-separated)","ENTER: steps here (semicolon-separated)",Do you deliver teleprompters to Penang?,"ENTER: answer — yes island & Seberang Perai incl SPICE; transport by mileage from Klang Valley.",Is accommodation required for Penang events?,"ENTER: answer — multi-day/early events may add crew accommodation; advise on schedule.",ENTER faq_q3,ENTER faq_a3,ENTER faq_q4,ENTER faq_a4,Planning an event in Penang?,Tell us your date and venue — we will confirm availability transport and a quote within one business day.,Teleprompter Rental in Penang | TelePrompter.my,"ENTER: meta description — teleprompter rental in Penang for SPICE conferences & beach resorts. Delivered and operated."
johor,Johor,Southern,Teleprompter Rental in Johor Bahru,"Professional teleprompter rental in Johor for corporate conferences property launches and productions. Delivered set up and operated by our crew across JB and Iskandar Puteri.",Serving Johor Bahru & Iskandar Malaysia,Who we are,Teleprompter rental for Johor events,"ENTER: intro body — JB to Iskandar Puteri and Skudai. Hotel conferences property launches corporate productions.","Johor Bahru|Iskandar Puteri|Skudai|Pasir Gudang|Medini|Puteri Harbour",Why choose us,ENTER why_heading,ENTER why_sub,"ENTER: include items here (semicolon-separated)","ENTER: steps here (semicolon-separated)",Do you deliver teleprompters to Johor Bahru?,"ENTER: answer — yes JB Iskandar Puteri & wider Johor; transport by mileage from Klang Valley.",Do you cover events in Iskandar Malaysia?,"ENTER: answer — Medini Puteri Harbour EduCity wider Iskandar corridor.",ENTER faq_q3,ENTER faq_a3,ENTER faq_q4,ENTER faq_a4,Planning an event in Johor?,Tell us your date and venue — we will confirm availability transport and a quote within one business day.,Teleprompter Rental in Johor Bahru | TelePrompter.my,"ENTER: meta description — teleprompter rental in JB & Iskandar Malaysia. Full delivery setup and operation."
melaka,Melaka,Southern,Teleprompter Rental in Melaka,"ENTER: hero sub — teleprompter rental in Melaka for hotel galas corporate events and tourism productions. Delivered set up and operated.",Serving Melaka & Ayer Keroh,Who we are,ENTER intro_heading,"ENTER: intro body — Melaka historic venues hotel ballrooms Ayer Keroh conference centres.","Melaka City|Ayer Keroh|Klebang|Banda Hilir|MITC",Why choose us,ENTER why_heading,ENTER why_sub,"ENTER: include items here (semicolon-separated)","ENTER: steps here (semicolon-separated)",Do you deliver teleprompters to Melaka?,"ENTER: answer — yes Melaka city & Ayer Keroh; transport by mileage from Klang Valley.",ENTER faq_q2,ENTER faq_a2,ENTER faq_q3,ENTER faq_a3,ENTER faq_q4,ENTER faq_a4,Planning an event in Melaka?,Tell us your date and venue — we will confirm availability transport and a quote within one business day.,Teleprompter Rental in Melaka | TelePrompter.my,"ENTER: meta description — teleprompter rental in Melaka. Delivered set up and operated."
ipoh,Ipoh,Northern,Teleprompter Rental in Ipoh,"ENTER: hero sub — teleprompter rental in Ipoh for corporate conferences association events and productions. Delivered set up and operated.",Serving Ipoh & Perak,Who we are,ENTER intro_heading,"ENTER: intro body — Ipoh Perak hotel ballrooms convention halls corporate events.","Ipoh|Greentown|Tambun|Meru Raya|Batu Gajah",Why choose us,ENTER why_heading,ENTER why_sub,"ENTER: include items here (semicolon-separated)","ENTER: steps here (semicolon-separated)",Do you deliver teleprompters to Ipoh?,"ENTER: answer — yes Ipoh & wider Perak; transport by mileage from Klang Valley.",ENTER faq_q2,ENTER faq_a2,ENTER faq_q3,ENTER faq_a3,ENTER faq_q4,ENTER faq_a4,Planning an event in Ipoh?,Tell us your date and venue — we will confirm availability transport and a quote within one business day.,Teleprompter Rental in Ipoh | TelePrompter.my,"ENTER: meta description — teleprompter rental in Ipoh Perak. Delivered set up and operated."
kuantan,Kuantan,East Coast,Teleprompter Rental in Kuantan,"ENTER: hero sub — teleprompter rental in Kuantan for hotel conferences government events and productions. Delivered set up and operated.",Serving Kuantan & Pahang,Who we are,ENTER intro_heading,"ENTER: intro body — Kuantan Pahang hotel ballrooms convention centres government events.","Kuantan|Bandar Indera Mahkota|Pekan|Gambang|Bandar Permaisuri",Why choose us,ENTER why_heading,ENTER why_sub,"ENTER: include items here (semicolon-separated)","ENTER: steps here (semicolon-separated)",Do you deliver teleprompters to Kuantan?,"ENTER: answer — yes Kuantan & wider Pahang; transport by mileage from Klang Valley.",ENTER faq_q2,ENTER faq_a2,ENTER faq_q3,ENTER faq_a3,ENTER faq_q4,ENTER faq_a4,Planning an event in Kuantan?,Tell us your date and venue — we will confirm availability transport and a quote within one business day.,Teleprompter Rental in Kuantan | TelePrompter.my,"ENTER: meta description — teleprompter rental in Kuantan Pahang. Delivered set up and operated."
seremban,Seremban,Central,Teleprompter Rental in Seremban,"ENTER: hero sub — teleprompter rental in Seremban for corporate conferences and productions. Delivered set up and operated.",Serving Seremban & Negeri Sembilan,Who we are,ENTER intro_heading,"ENTER: intro body — Seremban Negeri Sembilan hotel ballrooms convention halls corporate events.","Seremban|Senawang|Rasah|Port Dickson|Nilai",Why choose us,ENTER why_heading,ENTER why_sub,"ENTER: include items here (semicolon-separated)","ENTER: steps here (semicolon-separated)",Do you deliver teleprompters to Seremban?,"ENTER: answer — yes Seremban & Port Dickson; transport by mileage from Klang Valley.",ENTER faq_q2,ENTER faq_a2,ENTER faq_q3,ENTER faq_a3,ENTER faq_q4,ENTER faq_a4,Planning an event in Seremban?,Tell us your date and venue — we will confirm availability transport and a quote within one business day.,Teleprompter Rental in Seremban | TelePrompter.my,"ENTER: meta description — teleprompter rental in Seremban & Negeri Sembilan. Delivered set up and operated."
kota-kinabalu,Kota Kinabalu,East Malaysia,Teleprompter Rental in Kota Kinabalu,"ENTER: hero sub — teleprompter rental in KK for hotel conferences resort galas and productions. Delivered set up and operated with flights handled.",Serving Kota Kinabalu & Sabah,Who we are,ENTER intro_heading,"ENTER: intro body — Kota Kinabalu Sabah resort ballrooms convention centres corporate events. Requires air freight + crew travel.","Kota Kinabalu|Likas|Sembulan|Tanjung Aru|Putatan",Why choose us,ENTER why_heading,ENTER why_sub,"ENTER: include items here (semicolon-separated)","ENTER: steps here (semicolon-separated)",Do you deliver teleprompters to Sabah?,"ENTER: answer — yes; equipment air-freighted to KK with crew. Travel/freight added to quote.",ENTER faq_q2,ENTER faq_a2,ENTER faq_q3,ENTER faq_a3,ENTER faq_q4,ENTER faq_a4,Planning an event in Kota Kinabalu?,Tell us your date and venue — we will confirm availability freight and a quote within one business day.,Teleprompter Rental in Kota Kinabalu | TelePrompter.my,"ENTER: meta description — teleprompter rental in Kota Kinabalu & Sabah. Flights freight and operation handled."
kuching,Kuching,East Malaysia,Teleprompter Rental in Kuching,"ENTER: hero sub — teleprompter rental in Kuching for hotel conferences government events and productions. Delivered set up and operated with flights handled.",Serving Kuching & Sarawak,Who we are,ENTER intro_heading,"ENTER: intro body — Kuching Sarawak hotel ballrooms convention centres government & corporate events. Requires air freight + crew travel.","Kuching|Petra Jaya|Tabuan Jaya|Santubong|BDC",Why choose us,ENTER why_heading,ENTER why_sub,"ENTER: include items here (semicolon-separated)","ENTER: steps here (semicolon-separated)",Do you deliver teleprompters to Sarawak?,"ENTER: answer — yes; equipment air-freighted to Kuching with crew. Travel/freight added to quote.",ENTER faq_q2,ENTER faq_a2,ENTER faq_q3,ENTER faq_a3,ENTER faq_q4,ENTER faq_a4,Planning an event in Kuching?,Tell us your date and venue — we will confirm availability freight and a quote within one business day.,Teleprompter Rental in Kuching | TelePrompter.my,"ENTER: meta description — teleprompter rental in Kuching & Sarawak. Flights freight and operation handled."
